-- Aufgabe 1
DROP TABLE IF EXISTS Mitarbeiter;
CREATE TABLE Mitarbeiter(
Vorname VARCHAR(200) NOT NULL,
Name VARCHAR(200) NOT NULL,
CONSTRAINT PK_Mitarbeiter PRIMARY KEY (Vorname,Name)
);

DROP TABLE IF EXISTS Firma;
CREATE TABLE Firma(
Name VARCHAR(200) NOT NULL,
CONSTRAINT PK_Firma PRIMARY KEY (Name)
);

-- Wie genau wird hier die Kardinalit채t mit Schl체sseln sichergestellt?
DROP TABLE IF EXISTS Anstellung;
CREATE TABLE Anstellung(
  MVorname varchar(100) NOT NULL,
  MName    varchar(100) NOT NULL,
  FName    varchar(100) NOT NULL,
CONSTRAINT PK_Anstellung PRIMARY KEY (MVorname,MName),
CONSTRAINT FK_Mitarbeiter FOREIGN KEY (MVorname,MName) REFERENCES Mitarbeiter(Vorname,Name),
CONSTRAINT FK_Firma FOREIGN KEY (FName) REFERENCES Firma(Name)
);


-- Aufgabe 2
ALTER TABLE Firma ADD Gr체ndungsjahr integer NOT NULL;
ALTER TABLE Anstellung ADD Jahreslohn Decimal(8,2) NOT NULL;

-- Aufgabe 3
select * from mitarbeiter;
ALTER TABLE mitarbeiter ADD PLZ integer NOT NULL;
ALTER TABLE Mitarbeiter ADD Ort varchar(100) NOT NULL;
ALTER TABLE Mitarbeiter ADD Strasse varchar(100) NOT NULL;
ALTER TABLE Mitarbeiter ADD Hausnummer varchar(8) NULL;

-- Aufgabe 4
INSERT INTO Firma(Name,Gr체ndungsjahr) VALUES 
('Galaxus',1988), 
('Denner',1989),
('Migrolino',1990);
INSERT INTO Mitarbeiter(Vorname,Name,Strasse,Hausnummer,Ort,PLZ) VALUES
('Mike','Diethelm','Bruggacherstrasse','24','Faellanden',8117),
('Jan','Imhof','Dojostrasse','12','Uster',8610),
('Erich','Goetschi','Poststrasse','1','Wegenstetten',4317),
('Yves','Wirz','Luzstrasse',NULL,'Kriens',6010),
('Adrian','Moser','St.gallerstr','56','St.gallen',9000);

INSERT INTO Anstellung (MVorname, MName, FName, Jahreslohn) VALUES
('Mike','Diethelm','Galaxus',120000),
('Jan','Imhof','Galaxus',120000),
('Erich','Goetschi','Denner',100000),
('Yves','Wirz','Denner',100000),
('Adrian','Moser','Migrolino',115000);

select * from anstellung;





































































